{
	"info": {
		"_postman_id": "7802f463-21bd-40d2-b51a-56ba14648797",
		"name": "Jira",
		"schema": "https://schema.getpostman.com/json/collection/v2.1.0/collection.json",
		"_exporter_id": "17709036"
	},
	"item": [
		{
			"name": "Create Issue",
			"request": {
				"method": "POST",
				"header": [],
				"body": {
					"mode": "raw",
					"raw": "{\r\n    \"fields\": {\r\n        \"project\": {\r\n            \"key\": \"DEC\"\r\n        },\r\n        \"summary\": \"create issue in RA project\",\r\n        \"description\": \"Creating of an issue using project keys and issue type names using the REST API\",\r\n        \"issuetype\": {\r\n            \"name\": \"Bug\"\r\n        }\r\n    }\r\n}",
					"options": {
						"raw": {
							"language": "json"
						}
					}
				},
				"url": {
					"raw": "https://testjirafeb2023.atlassian.net/rest/api/2/issue",
					"protocol": "https",
					"host": [
						"testjirafeb2023",
						"atlassian",
						"net"
					],
					"path": [
						"rest",
						"api",
						"2",
						"issue"
					]
				}
			},
			"response": []
		}
	],
	"auth": {
		"type": "basic",
		"basic": [
			{
				"key": "username",
				"value": "feb2023restapi@gmail.com",
				"type": "string"
			},
			{
				"key": "password",
				"value": "ATATT3xFfGF0d6YkcMXMSWD_T6u4tp1_mFYrYv7tZv8fm4BSuI1qdTJ8zkNW0WSNUCb4x1lUDa9lNV3XGMl0aBV5IEVcQYMnMhT951D0kELZBBSY9uuMjskDLvq_WdD-u1XvI5JH_rQ09IQ0QR37bcDcocqHxLNSOG0GhqZyMFpU7sqe4GGU0OU=167E16DD",
				"type": "string"
			}
		]
	},
	"event": [
		{
			"listen": "prerequest",
			"script": {
				"type": "text/javascript",
				"exec": [
					""
				]
			}
		},
		{
			"listen": "test",
			"script": {
				"type": "text/javascript",
				"exec": [
					""
				]
			}
		}
	]
}