{
	"info": {
		"_postman_id": "7b216351-bd82-4363-9d24-ca1f27f350e0",
		"name": "OAuth_Oct",
		"schema": "https://schema.getpostman.com/json/collection/v2.1.0/collection.json",
		"_exporter_id": "17709036"
	},
	"item": [
		{
			"name": "OAuth",
			"event": [
				{
					"listen": "test",
					"script": {
						"exec": [
							"var resp=pm.response.json();\r",
							"var token=resp.access_token;\r",
							"pm.globals.set(\"Access_token\",token);\r",
							"console.log(token)"
						],
						"type": "text/javascript"
					}
				}
			],
			"request": {
				"method": "POST",
				"header": [],
				"body": {
					"mode": "urlencoded",
					"urlencoded": [
						{
							"key": "grant_type",
							"value": "password",
							"type": "text"
						},
						{
							"key": "client_id",
							"value": "e193264f794b311060e2b66d4037941f",
							"type": "text"
						},
						{
							"key": "client_secret",
							"value": "M{qDdv2cqp",
							"type": "text"
						},
						{
							"key": "username",
							"value": "admin",
							"type": "text"
						},
						{
							"key": "password",
							"value": "I-Ks*dzGjO63",
							"type": "text"
						}
					]
				},
				"url": {
					"raw": "https://dev200784.service-now.com/oauth_token.do",
					"protocol": "https",
					"host": [
						"dev200784",
						"service-now",
						"com"
					],
					"path": [
						"oauth_token.do"
					]
				}
			},
			"response": []
		},
		{
			"name": "Create Incident OAuth",
			"event": [
				{
					"listen": "test",
					"script": {
						"exec": [
							"pm.test(\"Validate Status code\", function () {\r",
							"    pm.response.to.have.status(201);\r",
							"});\r",
							"\r",
							"var resp=pm.response.json();\r",
							"//x.result.sys_id\r",
							"var sys_id=resp.result.sys_id;\r",
							"    console.log(sys_id);\r",
							"//Key--Name of the global variable ,value-sys_id\r",
							"pm.globals.set(\"system_id\",sys_id);\r",
							"\r",
							"\r",
							""
						],
						"type": "text/javascript"
					}
				}
			],
			"request": {
				"auth": {
					"type": "bearer",
					"bearer": [
						{
							"key": "token",
							"value": "{{Access_token}}",
							"type": "string"
						}
					]
				},
				"method": "POST",
				"header": [],
				"body": {
					"mode": "raw",
					"raw": "{\r\n    \"short_description\": \"laptop\",\r\n    \"description\": \"sevice my laptop\"\r\n}",
					"options": {
						"raw": {
							"language": "json"
						}
					}
				},
				"url": {
					"raw": "https://dev90367.service-now.com/api/now/table/incident?sysparm_fields=short_description,description,sys_id,number",
					"protocol": "https",
					"host": [
						"dev90367",
						"service-now",
						"com"
					],
					"path": [
						"api",
						"now",
						"table",
						"incident"
					],
					"query": [
						{
							"key": "sysparm_fields",
							"value": "short_description,description,sys_id,number"
						}
					]
				}
			},
			"response": []
		}
	]
}