{
	"info": {
		"_postman_id": "26ee3531-b16d-4b8a-ac2b-e661339e5081",
		"name": "Week2Day1",
		"schema": "https://schema.getpostman.com/json/collection/v2.1.0/collection.json",
		"_exporter_id": "17709036"
	},
	"item": [
		{
			"name": "Create a Incident",
			"event": [
				{
					"listen": "test",
					"script": {
						"exec": [
							"pm.test(\"Validate response code for create\", function () {\r",
							"    pm.response.to.have.status(201);\r",
							"});\r",
							"\r",
							"pm.test(\"Validate response body\", function () {\r",
							"    pm.expect(pm.response.text()).to.include(\"Charging problem\");\r",
							"});\r",
							"\r",
							"//Extract response and Save it in a variable\r",
							"var resp=pm.response.json();\r",
							"\r",
							"//Extract sysid from response x.result.sys_id\r",
							"var sys_id=resp.result.sys_id\r",
							"\r",
							"console.log(sys_id)\r",
							"//pm.globals.set(\"globalvariable\",sys_id);\r",
							"pm.globals.set(\"systemID\",sys_id);\r",
							"\r",
							"\r",
							"\r",
							"\r",
							"\r",
							"\r",
							"\r",
							"\r",
							"\r",
							"\r",
							""
						],
						"type": "text/javascript"
					}
				}
			],
			"request": {
				"method": "POST",
				"header": [],
				"body": {
					"mode": "raw",
					"raw": "{\r\n    \"short_description\": \"Charging problem\",\r\n    \"description\": \"Laptop not working --Charging problem\"\r\n}",
					"options": {
						"raw": {
							"language": "json"
						}
					}
				},
				"url": {
					"raw": "{{url}}/api/now/table/{{table}}?sysparm_fields=short_description,sys_id,number",
					"host": [
						"{{url}}"
					],
					"path": [
						"api",
						"now",
						"table",
						"{{table}}"
					],
					"query": [
						{
							"key": "sysparm_fields",
							"value": "short_description,sys_id,number"
						}
					]
				}
			},
			"response": []
		},
		{
			"name": "Get All the incidents",
			"event": [
				{
					"listen": "test",
					"script": {
						"exec": [
							"pm.test(\"Validate response Code\", function () {\r",
							"    pm.response.to.have.status(200);\r",
							"});\r",
							"pm.test(\"Response time is less than 200ms\", function () {\r",
							"    pm.expect(pm.response.responseTime).to.be.below(30000);\r",
							"});"
						],
						"type": "text/javascript"
					}
				}
			],
			"request": {
				"method": "GET",
				"header": [],
				"url": {
					"raw": "{{url}}/api/now/table/{{table}}",
					"host": [
						"{{url}}"
					],
					"path": [
						"api",
						"now",
						"table",
						"{{table}}"
					]
				}
			},
			"response": []
		},
		{
			"name": "Get an Incident",
			"event": [
				{
					"listen": "test",
					"script": {
						"exec": [
							"pm.test(\"Validate response code\", function () {\r",
							"    pm.response.to.have.status(200);\r",
							"});"
						],
						"type": "text/javascript"
					}
				}
			],
			"request": {
				"method": "GET",
				"header": [],
				"url": {
					"raw": "{{url}}/api/now/table/{{table}}/46f1784ba9fe19810018aa27fbb23482",
					"host": [
						"{{url}}"
					],
					"path": [
						"api",
						"now",
						"table",
						"{{table}}",
						"46f1784ba9fe19810018aa27fbb23482"
					]
				}
			},
			"response": []
		},
		{
			"name": "Update Incident",
			"event": [
				{
					"listen": "test",
					"script": {
						"exec": [
							"pm.test(\"Validate response code update\", function () {\r",
							"    pm.response.to.have.status(200);\r",
							"});"
						],
						"type": "text/javascript"
					}
				}
			],
			"request": {
				"method": "PUT",
				"header": [],
				"body": {
					"mode": "raw",
					"raw": "{\r\n    \"short_description\": \"{{short_description}}\",\r\n    \"description\": \"{{description}}\"\r\n}",
					"options": {
						"raw": {
							"language": "json"
						}
					}
				},
				"url": {
					"raw": "{{url}}/api/now/table/{{table}}/{{systemID}}",
					"host": [
						"{{url}}"
					],
					"path": [
						"api",
						"now",
						"table",
						"{{table}}",
						"{{systemID}}"
					]
				}
			},
			"response": []
		},
		{
			"name": "Delete Incident",
			"event": [
				{
					"listen": "test",
					"script": {
						"exec": [
							"pm.test(\"Validate response code-Delete\", function () {\r",
							"    pm.response.to.have.status(204);\r",
							"});"
						],
						"type": "text/javascript"
					}
				}
			],
			"request": {
				"method": "DELETE",
				"header": [],
				"url": {
					"raw": "{{url}}/api/now/table/{{table}}/{{systemID}}",
					"host": [
						"{{url}}"
					],
					"path": [
						"api",
						"now",
						"table",
						"{{table}}",
						"{{systemID}}"
					]
				}
			},
			"response": []
		}
	],
	"auth": {
		"type": "basic",
		"basic": [
			{
				"key": "password",
				"value": "I-Ks*dzGjO63",
				"type": "string"
			},
			{
				"key": "username",
				"value": "admin",
				"type": "string"
			}
		]
	},
	"event": [
		{
			"listen": "prerequest",
			"script": {
				"type": "text/javascript",
				"exec": [
					""
				]
			}
		},
		{
			"listen": "test",
			"script": {
				"type": "text/javascript",
				"exec": [
					""
				]
			}
		}
	],
	"variable": [
		{
			"key": "table",
			"value": "incident",
			"type": "string"
		}
	]
}